<?xml version="1.0" encoding="UTF-8"?>
<project-private xmlns="http://www.netbeans.org/ns/project-private/1">
    <editor-bookmarks xmlns="http://www.netbeans.org/ns/editor-bookmarks/2" lastBookmarkId="0"/>
    <open-files xmlns="http://www.netbeans.org/ns/projectui-open-files/2">
        <group>
            <file>file:/D:/KAMPUS/PEMROGRAMAN_2/4CPAGI/northwind-frontend/src/com/app/entity/Products.java</file>
            <file>file:/D:/KAMPUS/PEMROGRAMAN_2/4CPAGI/northwind-frontend/src/com/app/services/ProductService.java</file>
            <file>file:/D:/KAMPUS/PEMROGRAMAN_2/4CPAGI/northwind-frontend/src/com/app/main/PanelProducts.java</file>
            <file>file:/D:/KAMPUS/PEMROGRAMAN_2/4CPAGI/northwind-frontend/src/com/app/main/PanelUser.java</file>
            <file>file:/D:/KAMPUS/PEMROGRAMAN_2/4CPAGI/northwind-frontend/src/com/app/services/BaseService.java</file>
            <file>file:/D:/KAMPUS/PEMROGRAMAN_2/4CPAGI/northwind-frontend/src/com/app/entity/Result.java</file>
            <file>file:/D:/KAMPUS/PEMROGRAMAN_2/4CPAGI/northwind-frontend/src/com/app/main/PanelCustomer.java</file>
        </group>
    </open-files>
</project-private>
